{
  "$schema": "https://schema.management.azure.com/schemas/2019-04-01/deploymentTemplate.json#",
  "contentVersion": "1.0.0.0",
  "metadata": {
    "author": "Microsoft - support@microsoft.com",
    "comments": "Solution template for Sophos Endpoint Protection"
  },
  "parameters": {
    "location": {
      "type": "string",
      "minLength": 1,
      "defaultValue": "[resourceGroup().location]",
      "metadata": {
        "description": "Not used, but needed to pass arm-ttk test `Location-Should-Not-Be-Hardcoded`.  We instead use the `workspace-location` which is derived from the LA workspace"
      }
    },
    "workspace-location": {
      "type": "string",
      "defaultValue": "",
      "metadata": {
        "description": "[concat('Region to deploy solution resources -- separate from location selection',parameters('location'))]"
      }
    },
    "workspace": {
      "defaultValue": "",
      "type": "string",
      "metadata": {
        "description": "Workspace name for Log Analytics where Microsoft Sentinel is setup"
      }
    }
  },
  "variables": {
    "email": "support@microsoft.com",
    "_email": "[variables('email')]",
    "_solutionName": "Sophos Endpoint Protection",
    "_solutionVersion": "3.0.1",
    "solutionId": "azuresentinel.azure-sentinel-solution-sophosep",
    "_solutionId": "[variables('solutionId')]",
    "uiConfigId1": "SophosEP",
    "_uiConfigId1": "[variables('uiConfigId1')]",
    "dataConnectorContentId1": "SophosEP",
    "_dataConnectorContentId1": "[variables('dataConnectorContentId1')]",
    "dataConnectorId1": "[extensionResourceId(resourceId('Microsoft.OperationalInsights/workspaces', parameters('workspace')), 'Microsoft.SecurityInsights/dataConnectors', variables('_dataConnectorContentId1'))]",
    "_dataConnectorId1": "[variables('dataConnectorId1')]",
    "dataConnectorTemplateSpecName1": "[concat(parameters('workspace'),'/Microsoft.SecurityInsights/',concat(parameters('workspace'),'-dc-',uniquestring(variables('_dataConnectorContentId1'))))]",
    "dataConnectorVersion1": "1.0.0",
    "_dataConnectorcontentProductId1": "[concat(take(variables('_solutionId'),50),'-','dc','-', uniqueString(concat(variables('_solutionId'),'-','DataConnector','-',variables('_dataConnectorContentId1'),'-', variables('dataConnectorVersion1'))))]",
    "_solutioncontentProductId": "[concat(take(variables('_solutionId'),50),'-','sl','-', uniqueString(concat(variables('_solutionId'),'-','Solution','-',variables('_solutionId'),'-', variables('_solutionVersion'))))]"
  },
  "resources": [
    {
      "type": "Microsoft.OperationalInsights/workspaces/providers/contentTemplates",
      "apiVersion": "2023-04-01-preview",
      "name": "[variables('dataConnectorTemplateSpecName1')]",
      "location": "[parameters('workspace-location')]",
      "dependsOn": [
        "[extensionResourceId(resourceId('Microsoft.OperationalInsights/workspaces', parameters('workspace')), 'Microsoft.SecurityInsights/contentPackages', variables('_solutionId'))]"
      ],
      "properties": {
        "description": "Sophos Endpoint Protection data connector with template version 3.0.1",
        "mainTemplate": {
          "$schema": "https://schema.management.azure.com/schemas/2019-04-01/deploymentTemplate.json#",
          "contentVersion": "[variables('dataConnectorVersion1')]",
          "parameters": {},
          "variables": {},
          "resources": [
            {
              "name": "[concat(parameters('workspace'),'/Microsoft.SecurityInsights/',variables('_dataConnectorContentId1'))]",
              "apiVersion": "2021-03-01-preview",
              "type": "Microsoft.OperationalInsights/workspaces/providers/dataConnectors",
              "location": "[parameters('workspace-location')]",
              "kind": "GenericUI",
              "properties": {
                "connectorUiConfig": {
                  "id": "[variables('_uiConfigId1')]",
                  "title": "Sophos Endpoint Protection (using Azure Functions)",
                  "publisher": "Sophos",
                  "descriptionMarkdown": "The [Sophos Endpoint Protection](https://www.sophos.com/en-us/products/endpoint-antivirus.aspx) data connector provides the capability to ingest [Sophos events](https://docs.sophos.com/central/Customer/help/en-us/central/Customer/common/concepts/Events.html) into Microsoft Sentinel. Refer to [Sophos Central Admin documentation](https://docs.sophos.com/central/Customer/help/en-us/central/Customer/concepts/Logs.html) for more information.",
                  "additionalRequirementBanner": "This data connector depends on a parser based on a Kusto Function to work as expected [**SophosEPEvent**](https://aka.ms/sentinel-SophosEP-parser) which is deployed with the Microsoft Sentinel Solution.",
                  "graphQueries": [
                    {
                      "metricName": "Total data received",
                      "legend": "SophosEP_CL",
                      "baseQuery": "SophosEP_CL"
                    }
                  ],
                  "sampleQueries": [
                    {
                      "description": "All logs",
                      "query": "SophosEP_CL\n | sort by TimeGenerated desc"
                    }
                  ],
                  "dataTypes": [
                    {
                      "name": "SophosEP_CL",
                      "lastDataReceivedQuery": "SophosEP_CL\n            | summarize Time = max(TimeGenerated)\n            | where isnotempty(Time)"
                    }
                  ],
                  "connectivityCriterias": [
                    {
                      "type": "IsConnectedQuery",
                      "value": [
                        "SophosEP_CL\n            | summarize LastLogReceived = max(TimeGenerated)\n            | project IsConnected = LastLogReceived > ago(30d)"
                      ]
                    }
                  ],
                  "availability": {
                    "status": 1,
                    "isPreview": false
                  },
                  "permissions": {
                    "resourceProvider": [
                      {
                        "provider": "Microsoft.OperationalInsights/workspaces",
                        "permissionsDisplayText": "read and write permissions on the workspace are required.",
                        "providerDisplayName": "Workspace",
                        "scope": "Workspace",
                        "requiredPermissions": {
                          "write": true,
                          "read": true,
                          "delete": true
                        }
                      },
                      {
                        "provider": "Microsoft.OperationalInsights/workspaces/sharedKeys",
                        "permissionsDisplayText": "read permissions to shared keys for the workspace are required. [See the documentation to learn more about workspace keys](https://docs.microsoft.com/azure/azure-monitor/platform/agent-windows#obtain-workspace-id-and-key).",
                        "providerDisplayName": "Keys",
                        "scope": "Workspace",
                        "requiredPermissions": {
                          "action": true
                        }
                      }
                    ],
                    "customs": [
                      {
                        "name": "Microsoft.Web/sites permissions",
                        "description": "Read and write permissions to Azure Functions to create a Function App is required. [See the documentation to learn more about Azure Functions](https://docs.microsoft.com/azure/azure-functions/)."
                      },
                      {
                        "name": "REST API Credentials/permissions",
                        "description": "**API token** is required. [See the documentation to learn more about API token](https://docs.sophos.com/central/Customer/help/en-us/central/Customer/concepts/ep_ApiTokenManagement.html)"
                      }
                    ]
                  },
                  "instructionSteps": [
                    {
                      "description": ">**NOTE:** This connector uses Azure Functions to connect to the Sophos Central APIs to pull its logs into Microsoft Sentinel. This might result in additional data ingestion costs. Check the [Azure Functions pricing page](https://azure.microsoft.com/pricing/details/functions/) for details."
                    },
                    {
                      "description": ">**(Optional Step)** Securely store workspace and API authorization key(s) or token(s) in Azure Key Vault. Azure Key Vault provides a secure mechanism to store and retrieve key values. [Follow these instructions](https://docs.microsoft.com/azure/app-service/app-service-key-vault-references) to use Azure Key Vault with an Azure Function App."
                    },
                    {
                      "description": ">**NOTE:** This data connector depends on a parser based on a Kusto Function to work as expected [**SophosEPEvent**](https://aka.ms/sentinel-SophosEP-parser) which is deployed with the Microsoft Sentinel Solution."
                    },
                    {
                      "description": "**STEP 1 - Configuration steps for the Sophos Central API**\n\n Follow the instructions to obtain the credentials.\n\n1. In Sophos Central Admin, go to **Global Settings > API Token Management**.\n2. To create a new token, click **Add token** from the top-right corner of the screen.\n3. Select a **token name** and click **Save**. The **API Token Summary** for this token is displayed.\n4. Click **Copy** to copy your **API Access URL + Headers** from the **API Token Summary** section into your clipboard."
                    },
                    {
                      "description": "**STEP 2 - Choose ONE from the following two deployment options to deploy the connector and the associated Azure Function**\n\n>**IMPORTANT:** Before deploying the Sophos Endpoint Protection data connector, have the Workspace ID and Workspace Primary Key (can be copied from the following).",
                      "instructions": [
                        {
                          "parameters": {
                            "fillWith": [
                              "WorkspaceId"
                            ],
                            "label": "Workspace ID"
                          },
                          "type": "CopyableLabel"
                        },
                        {
                          "parameters": {
                            "fillWith": [
                              "PrimaryKey"
                            ],
                            "label": "Primary Key"
                          },
                          "type": "CopyableLabel"
                        }
                      ]
                    },
                    {
                      "instructions": [
                        {
                          "parameters": {
                            "instructionSteps": [
                              {
                                "title": "Option 1 - Azure Resource Manager (ARM) Template",
                                "description": "Use this method for automated deployment of the Sophos Endpoint Protection data connector using an ARM Tempate.\n\n1. Click the **Deploy to Azure** button below. \n\n\t[![Deploy To Azure](https://aka.ms/deploytoazurebutton)](https://aka.ms/sentinel-SophosEP-azuredeploy)\n2. Select the preferred **Subscription**, **Resource Group** and **Location**. \n> **NOTE:** Within the same resource group, you can't mix Windows and Linux apps in the same region. Select existing resource group without Windows apps in it or create new resource group.\n3. Enter the **Sophos API Access URL and Headers**, **AzureSentinelWorkspaceId**, **AzureSentinelSharedKey**. \n4. Mark the checkbox labeled **I agree to the terms and conditions stated above**. \n5. Click **Purchase** to deploy."
                              },
                              {
                                "title": "Option 2 - Manual Deployment of Azure Functions",
                                "description": "Use the following step-by-step instructions to deploy the Sophos Endpoint Protection data connector manually with Azure Functions (Deployment via Visual Studio Code).",
                                "instructions": [
                                  {
                                    "parameters": {
                                      "instructionSteps": [
                                        {
                                          "title": "Step 1 - Deploy a Function App",
                                          "description": "**NOTE:** You will need to [prepare VS code](https://docs.microsoft.com/azure/azure-functions/functions-create-first-function-python#prerequisites) for Azure function development.\n\n1. Download the [Azure Function App](https://aka.ms/sentinel-SophosEP-functionapp) file. Extract archive to your local development computer.\n2. Follow the [function app manual deployment instructions](https://github.com/Azure/Azure-Sentinel/blob/master/DataConnectors/AzureFunctionsManualDeployment.md#function-app-manual-deployment-instructions) to deploy the Azure Functions app using VSCode.\n3. After successful deployment of the function app, follow next steps for configuring it."
                                        },
                                        {
                                          "title": "Step 2 - Configure the Function App",
                                          "description": "1. Go to Azure Portal for the Function App configuration.\n2. In the Function App, select the Function App Name and select **Configuration**.\n3. In the **Application settings** tab, select **New application setting**.\n4. Add each of the following application settings individually, with their respective string values (case-sensitive): \n\t\tSOPHOS_TOKEN\n\t\tWorkspaceID\n\t\tWorkspaceKey\n\t\tlogAnalyticsUri (optional)\n> - Use logAnalyticsUri to override the log analytics API endpoint for dedicated cloud. For example, for public cloud, leave the value empty; for Azure GovUS cloud environment, specify the value in the following format: `https://<CustomerId>.ods.opinsights.azure.us`.\n5. Once all application settings have been entered, click **Save**."
                                        }
                                      ]
                                    },
                                    "type": "InstructionStepsGroup"
                                  }
                                ]
                              }
                            ]
                          },
                          "type": "InstructionStepsGroup"
                        }
                      ]
                    }
                  ]
                }
              }
            },
            {
              "type": "Microsoft.OperationalInsights/workspaces/providers/metadata",
              "apiVersion": "2023-04-01-preview",
              "name": "[concat(parameters('workspace'),'/Microsoft.SecurityInsights/',concat('DataConnector-', last(split(variables('_dataConnectorId1'),'/'))))]",
              "properties": {
                "parentId": "[extensionResourceId(resourceId('Microsoft.OperationalInsights/workspaces', parameters('workspace')), 'Microsoft.SecurityInsights/dataConnectors', variables('_dataConnectorContentId1'))]",
                "contentId": "[variables('_dataConnectorContentId1')]",
                "kind": "DataConnector",
                "version": "[variables('dataConnectorVersion1')]",
                "source": {
                  "kind": "Solution",
                  "name": "Sophos Endpoint Protection",
                  "sourceId": "[variables('_solutionId')]"
                },
                "author": {
                  "name": "Microsoft",
                  "email": "[variables('_email')]"
                },
                "support": {
                  "tier": "Microsoft",
                  "name": "Microsoft Corporation",
                  "email": "support@microsoft.com",
                  "link": "https://support.microsoft.com/"
                }
              }
            }
          ]
        },
        "packageKind": "Solution",
        "packageVersion": "[variables('_solutionVersion')]",
        "packageName": "[variables('_solutionName')]",
        "packageId": "[variables('_solutionId')]",
        "contentSchemaVersion": "3.0.0",
        "contentId": "[variables('_dataConnectorContentId1')]",
        "contentKind": "DataConnector",
        "displayName": "Sophos Endpoint Protection (using Azure Functions)",
        "contentProductId": "[variables('_dataConnectorcontentProductId1')]",
        "id": "[variables('_dataConnectorcontentProductId1')]",
        "version": "[variables('dataConnectorVersion1')]"
      }
    },
    {
      "type": "Microsoft.OperationalInsights/workspaces/providers/metadata",
      "apiVersion": "2023-04-01-preview",
      "name": "[concat(parameters('workspace'),'/Microsoft.SecurityInsights/',concat('DataConnector-', last(split(variables('_dataConnectorId1'),'/'))))]",
      "dependsOn": [
        "[variables('_dataConnectorId1')]"
      ],
      "location": "[parameters('workspace-location')]",
      "properties": {
        "parentId": "[extensionResourceId(resourceId('Microsoft.OperationalInsights/workspaces', parameters('workspace')), 'Microsoft.SecurityInsights/dataConnectors', variables('_dataConnectorContentId1'))]",
        "contentId": "[variables('_dataConnectorContentId1')]",
        "kind": "DataConnector",
        "version": "[variables('dataConnectorVersion1')]",
        "source": {
          "kind": "Solution",
          "name": "Sophos Endpoint Protection",
          "sourceId": "[variables('_solutionId')]"
        },
        "author": {
          "name": "Microsoft",
          "email": "[variables('_email')]"
        },
        "support": {
          "tier": "Microsoft",
          "name": "Microsoft Corporation",
          "email": "support@microsoft.com",
          "link": "https://support.microsoft.com/"
        }
      }
    },
    {
      "name": "[concat(parameters('workspace'),'/Microsoft.SecurityInsights/',variables('_dataConnectorContentId1'))]",
      "apiVersion": "2021-03-01-preview",
      "type": "Microsoft.OperationalInsights/workspaces/providers/dataConnectors",
      "location": "[parameters('workspace-location')]",
      "kind": "GenericUI",
      "properties": {
        "connectorUiConfig": {
          "title": "Sophos Endpoint Protection (using Azure Functions)",
          "publisher": "Sophos",
          "descriptionMarkdown": "The [Sophos Endpoint Protection](https://www.sophos.com/en-us/products/endpoint-antivirus.aspx) data connector provides the capability to ingest [Sophos events](https://docs.sophos.com/central/Customer/help/en-us/central/Customer/common/concepts/Events.html) into Microsoft Sentinel. Refer to [Sophos Central Admin documentation](https://docs.sophos.com/central/Customer/help/en-us/central/Customer/concepts/Logs.html) for more information.",
          "graphQueries": [
            {
              "metricName": "Total data received",
              "legend": "SophosEP_CL",
              "baseQuery": "SophosEP_CL"
            }
          ],
          "dataTypes": [
            {
              "name": "SophosEP_CL",
              "lastDataReceivedQuery": "SophosEP_CL\n            | summarize Time = max(TimeGenerated)\n            | where isnotempty(Time)"
            }
          ],
          "connectivityCriterias": [
            {
              "type": "IsConnectedQuery",
              "value": [
                "SophosEP_CL\n            | summarize LastLogReceived = max(TimeGenerated)\n            | project IsConnected = LastLogReceived > ago(30d)"
              ]
            }
          ],
          "sampleQueries": [
            {
              "description": "All logs",
              "query": "SophosEP_CL\n | sort by TimeGenerated desc"
            }
          ],
          "availability": {
            "status": 1,
            "isPreview": false
          },
          "permissions": {
            "resourceProvider": [
              {
                "provider": "Microsoft.OperationalInsights/workspaces",
                "permissionsDisplayText": "read and write permissions on the workspace are required.",
                "providerDisplayName": "Workspace",
                "scope": "Workspace",
                "requiredPermissions": {
                  "write": true,
                  "read": true,
                  "delete": true
                }
              },
              {
                "provider": "Microsoft.OperationalInsights/workspaces/sharedKeys",
                "permissionsDisplayText": "read permissions to shared keys for the workspace are required. [See the documentation to learn more about workspace keys](https://docs.microsoft.com/azure/azure-monitor/platform/agent-windows#obtain-workspace-id-and-key).",
                "providerDisplayName": "Keys",
                "scope": "Workspace",
                "requiredPermissions": {
                  "action": true
                }
              }
            ],
            "customs": [
              {
                "name": "Microsoft.Web/sites permissions",
                "description": "Read and write permissions to Azure Functions to create a Function App is required. [See the documentation to learn more about Azure Functions](https://docs.microsoft.com/azure/azure-functions/)."
              },
              {
                "name": "REST API Credentials/permissions",
                "description": "**API token** is required. [See the documentation to learn more about API token](https://docs.sophos.com/central/Customer/help/en-us/central/Customer/concepts/ep_ApiTokenManagement.html)"
              }
            ]
          },
          "instructionSteps": [
            {
              "description": ">**NOTE:** This connector uses Azure Functions to connect to the Sophos Central APIs to pull its logs into Microsoft Sentinel. This might result in additional data ingestion costs. Check the [Azure Functions pricing page](https://azure.microsoft.com/pricing/details/functions/) for details."
            },
            {
              "description": ">**(Optional Step)** Securely store workspace and API authorization key(s) or token(s) in Azure Key Vault. Azure Key Vault provides a secure mechanism to store and retrieve key values. [Follow these instructions](https://docs.microsoft.com/azure/app-service/app-service-key-vault-references) to use Azure Key Vault with an Azure Function App."
            },
            {
              "description": ">**NOTE:** This data connector depends on a parser based on a Kusto Function to work as expected [**SophosEPEvent**](https://aka.ms/sentinel-SophosEP-parser) which is deployed with the Microsoft Sentinel Solution."
            },
            {
              "description": "**STEP 1 - Configuration steps for the Sophos Central API**\n\n Follow the instructions to obtain the credentials.\n\n1. In Sophos Central Admin, go to **Global Settings > API Token Management**.\n2. To create a new token, click **Add token** from the top-right corner of the screen.\n3. Select a **token name** and click **Save**. The **API Token Summary** for this token is displayed.\n4. Click **Copy** to copy your **API Access URL + Headers** from the **API Token Summary** section into your clipboard."
            },
            {
              "description": "**STEP 2 - Choose ONE from the following two deployment options to deploy the connector and the associated Azure Function**\n\n>**IMPORTANT:** Before deploying the Sophos Endpoint Protection data connector, have the Workspace ID and Workspace Primary Key (can be copied from the following).",
              "instructions": [
                {
                  "parameters": {
                    "fillWith": [
                      "WorkspaceId"
                    ],
                    "label": "Workspace ID"
                  },
                  "type": "CopyableLabel"
                },
                {
                  "parameters": {
                    "fillWith": [
                      "PrimaryKey"
                    ],
                    "label": "Primary Key"
                  },
                  "type": "CopyableLabel"
                }
              ]
            },
            {
              "instructions": [
                {
                  "parameters": {
                    "instructionSteps": [
                      {
                        "title": "Option 1 - Azure Resource Manager (ARM) Template",
                        "description": "Use this method for automated deployment of the Sophos Endpoint Protection data connector using an ARM Tempate.\n\n1. Click the **Deploy to Azure** button below. \n\n\t[![Deploy To Azure](https://aka.ms/deploytoazurebutton)](https://aka.ms/sentinel-SophosEP-azuredeploy)\n2. Select the preferred **Subscription**, **Resource Group** and **Location**. \n> **NOTE:** Within the same resource group, you can't mix Windows and Linux apps in the same region. Select existing resource group without Windows apps in it or create new resource group.\n3. Enter the **Sophos API Access URL and Headers**, **AzureSentinelWorkspaceId**, **AzureSentinelSharedKey**. \n4. Mark the checkbox labeled **I agree to the terms and conditions stated above**. \n5. Click **Purchase** to deploy."
                      },
                      {
                        "title": "Option 2 - Manual Deployment of Azure Functions",
                        "description": "Use the following step-by-step instructions to deploy the Sophos Endpoint Protection data connector manually with Azure Functions (Deployment via Visual Studio Code).",
                        "instructions": [
                          {
                            "parameters": {
                              "instructionSteps": [
                                {
                                  "title": "Step 1 - Deploy a Function App",
                                  "description": "**NOTE:** You will need to [prepare VS code](https://docs.microsoft.com/azure/azure-functions/functions-create-first-function-python#prerequisites) for Azure function development.\n\n1. Download the [Azure Function App](https://aka.ms/sentinel-SophosEP-functionapp) file. Extract archive to your local development computer.\n2. Follow the [function app manual deployment instructions](https://github.com/Azure/Azure-Sentinel/blob/master/DataConnectors/AzureFunctionsManualDeployment.md#function-app-manual-deployment-instructions) to deploy the Azure Functions app using VSCode.\n3. After successful deployment of the function app, follow next steps for configuring it."
                                },
                                {
                                  "title": "Step 2 - Configure the Function App",
                                  "description": "1. Go to Azure Portal for the Function App configuration.\n2. In the Function App, select the Function App Name and select **Configuration**.\n3. In the **Application settings** tab, select **New application setting**.\n4. Add each of the following application settings individually, with their respective string values (case-sensitive): \n\t\tSOPHOS_TOKEN\n\t\tWorkspaceID\n\t\tWorkspaceKey\n\t\tlogAnalyticsUri (optional)\n> - Use logAnalyticsUri to override the log analytics API endpoint for dedicated cloud. For example, for public cloud, leave the value empty; for Azure GovUS cloud environment, specify the value in the following format: `https://<CustomerId>.ods.opinsights.azure.us`.\n5. Once all application settings have been entered, click **Save**."
                                }
                              ]
                            },
                            "type": "InstructionStepsGroup"
                          }
                        ]
                      }
                    ]
                  },
                  "type": "InstructionStepsGroup"
                }
              ]
            }
          ],
          "id": "[variables('_uiConfigId1')]",
          "additionalRequirementBanner": "This data connector depends on a parser based on a Kusto Function to work as expected [**SophosEPEvent**](https://aka.ms/sentinel-SophosEP-parser) which is deployed with the Microsoft Sentinel Solution."
        }
      }
    },
    {
      "type": "Microsoft.OperationalInsights/workspaces/providers/contentPackages",
      "apiVersion": "2023-04-01-preview",
      "location": "[parameters('workspace-location')]",
      "properties": {
        "version": "3.0.1",
        "kind": "Solution",
        "contentSchemaVersion": "3.0.0",
        "displayName": "Sophos Endpoint Protection",
        "publisherDisplayName": "Microsoft Sentinel, Microsoft Corporation",
        "descriptionHtml": "<p><strong>Note:</strong> <em>There may be <a href=\"https://aka.ms/sentinelsolutionsknownissues\">known issues</a> pertaining to this Solution, please refer to them before installing.</em></p>\n<p>The <a href=\"https://www.sophos.com/products/endpoint-antivirus.aspx\">Sophos Endpoint Protection</a> solution provides the capability to ingest <a href=\"https://docs.sophos.com/central/Customer/help/central/Customer/common/concepts/Events.html\">Sophos events</a> into Microsoft Sentinel. Refer to <a href=\"https://docs.sophos.com/central/Customer/help/central/Customer/concepts/Logs.html\">Sophos Central Admin documentation</a> for more information.</p>\n<p><strong>Underlying Microsoft Technologies used:</strong></p>\n<p>This solution takes a dependency on the following technologies, and some of these dependencies either may be in <a href=\"https://azure.microsoft.com/support/legal/preview-supplemental-terms/\">Preview</a> state or might result in additional ingestion or operational costs:</p>\n<ol type=\"a\">\n<li><p><a href=\"https://docs.microsoft.com/azure/azure-monitor/logs/data-collector-api\">Azure Monitor HTTP Data Collector API</a></p>\n</li>\n<li><p><a href=\"https://azure.microsoft.com/services/functions/#overview\">Azure Functions</a></p>\n</li>\n</ol>\n<p><strong>Data Connectors:</strong> 1</p>\n<p><a href=\"https://aka.ms/azuresentinel\">Learn more about Microsoft Sentinel</a> | <a href=\"https://aka.ms/azuresentinelsolutionsdoc\">Learn more about Solutions</a></p>\n",
        "contentKind": "Solution",
        "contentProductId": "[variables('_solutioncontentProductId')]",
        "id": "[variables('_solutioncontentProductId')]",
        "icon": "<img src=\"https://raw.githubusercontent.com/Azure/Azure-Sentinel/master/Logos/sophos_logo.svg\" width=\"75px\" height=\"75px\">",
        "contentId": "[variables('_solutionId')]",
        "parentId": "[variables('_solutionId')]",
        "source": {
          "kind": "Solution",
          "name": "Sophos Endpoint Protection",
          "sourceId": "[variables('_solutionId')]"
        },
        "author": {
          "name": "Microsoft",
          "email": "[variables('_email')]"
        },
        "support": {
          "name": "Microsoft Corporation",
          "email": "support@microsoft.com",
          "tier": "Microsoft",
          "link": "https://support.microsoft.com/"
        },
        "dependencies": {
          "operator": "AND",
          "criteria": [
            {
              "kind": "DataConnector",
              "contentId": "[variables('_dataConnectorContentId1')]",
              "version": "[variables('dataConnectorVersion1')]"
            }
          ]
        },
        "firstPublishDate": "2021-07-07",
        "providers": [
          "Sophos"
        ],
        "categories": {
          "domains": [
            "Security - Threat Protection"
          ]
        }
      },
      "name": "[concat(parameters('workspace'),'/Microsoft.SecurityInsights/', variables('_solutionId'))]"
    }
  ],
  "outputs": {}
}
